date,elev_observed_ft,elev_adjusted_ft,storage_observed_af,storage_adjusted_af,demand_cfs,cumulative_withdrawal_af,elev_change_ft,at_rating_floor
2021-01-01,772.38,772.38,8090.0,8090.0,0.0,0.0,0.0,False
2021-01-02,774.09,774.09,9045.0,9045.0,0.0,0.0,0.0,False
2021-01-03,778.97,778.97,11882.0,11882.0,0.0,0.0,0.0,False
2021-01-04,781.7,781.7,13620.0,13620.0,0.0,0.0,0.0,False
2021-01-05,782.81,782.81,14367.0,14367.0,0.0,0.0,0.0,False
2021-01-06,780.43,780.43,12801.0,12801.0,0.0,0.0,0.0,False
2021-01-07,777.68,777.68,11108.0,11108.0,0.0,0.0,0.0,False
2021-01-08,775.37,775.37,9722.0,9722.0,0.0,0.0,0.0,False
2021-01-09,773.05,773.05,8430.0,8430.0,0.0,0.0,0.0,False
2021-01-10,769.17,769.17,6385.0,6385.0,0.0,0.0,0.0,False
2021-01-11,767.81,767.81,5805.0,5805.0,0.0,0.0,0.0,False
2021-01-12,770.63,770.63,7178.0,7178.0,0.0,0.0,0.0,False
2021-01-13,782.97,782.97,14479.0,14479.0,0.0,0.0,0.0,False
2021-01-14,786.32,786.32,16824.0,16824.0,0.0,0.0,0.0,False
2021-01-15,785.9,785.9,16530.0,16530.0,0.0,0.0,0.0,False
2021-01-16,784.57,784.57,15599.0,15599.0,0.0,0.0,0.0,False
2021-01-17,782.61,782.61,14227.0,14227.0,0.0,0.0,0.0,False
2021-01-18,780.16,780.16,12612.0,12612.0,0.0,0.0,0.0,False
2021-01-19,777.25,777.25,10850.0,10850.0,0.0,0.0,0.0,False
2021-01-20,774.35,774.35,9175.0,9175.0,0.0,0.0,0.0,False
2021-01-21,772.3,772.3,8050.0,8050.0,0.0,0.0,0.0,False
2021-01-22,770.83,770.83,7298.0,7298.0,0.0,0.0,0.0,False
2021-01-23,770.98,770.98,7388.0,7388.0,0.0,0.0,0.0,False
2021-01-24,771.16,771.16,7480.0,7480.0,0.0,0.0,0.0,False
2021-01-25,771.29,771.29,7545.0,7545.0,0.0,0.0,0.0,False
2021-01-26,771.28,771.28,7540.0,7540.0,0.0,0.0,0.0,False
2021-01-27,771.28,771.28,7540.0,7540.0,0.0,0.0,0.0,False
2021-01-28,771.74,771.74,7770.0,7770.0,0.0,0.0,0.0,False
2021-01-29,772.36,772.36,8080.0,8080.0,0.0,0.0,0.0,False
2021-01-30,772.72,772.72,8260.0,8260.0,0.0,0.0,0.0,False
2021-01-31,773.14,773.14,8484.0,8484.0,0.0,0.0,0.0,False
2021-02-01,773.99,773.99,8994.0,8994.0,0.0,0.0,0.0,False
2021-02-02,775.12,775.12,9572.0,9572.0,0.0,0.0,0.0,False
2021-02-03,776.88,776.88,10628.0,10628.0,0.0,0.0,0.0,False
2021-02-04,778.07,778.07,11342.0,11342.0,0.0,0.0,0.0,False
2021-02-05,778.98,778.98,11888.0,11888.0,0.0,0.0,0.0,False
2021-02-06,780.36,780.36,12752.0,12752.0,0.0,0.0,0.0,False
2021-02-07,781.33,781.33,13398.0,13398.0,0.0,0.0,0.0,False
2021-02-08,781.97,781.97,13782.0,13782.0,0.0,0.0,0.0,False
2021-02-09,782.31,782.31,14017.0,14017.0,0.0,0.0,0.0,False
2021-02-10,782.09,782.09,13863.0,13863.0,0.0,0.0,0.0,False
2021-02-11,781.41,781.41,13446.0,13446.0,0.0,0.0,0.0,False
2021-02-12,781.16,781.16,13296.0,13296.0,0.0,0.0,0.0,False
2021-02-13,786.52,786.52,16964.0,16964.0,0.0,0.0,0.0,False
2021-02-14,790.4,790.4,19920.0,19920.0,0.0,0.0,0.0,False
2021-02-15,792.87,792.87,21896.0,21896.0,0.0,0.0,0.0,False
2021-02-16,795.0,795.0,23800.0,23800.0,0.0,0.0,0.0,False
2021-02-17,794.66,794.66,23494.0,23494.0,0.0,0.0,0.0,False
2021-02-18,793.54,793.54,22486.0,22486.0,0.0,0.0,0.0,False
2021-02-19,795.72,795.72,24448.0,24448.0,0.0,0.0,0.0,False
2021-02-20,796.81,796.81,25429.0,25429.0,0.0,0.0,0.0,False
2021-02-21,796.0,796.0,24700.0,24700.0,0.0,0.0,0.0,False
2021-02-22,794.65,794.65,23485.0,23485.0,0.0,0.0,0.0,False
2021-02-23,795.28,795.28,24052.0,24052.0,0.0,0.0,0.0,False
2021-02-24,796.5,796.5,25150.0,25150.0,0.0,0.0,0.0,False
2021-02-25,797.2,797.2,25780.0,25780.0,0.0,0.0,0.0,False
2021-02-26,797.93,797.93,26437.0,26437.0,0.0,0.0,0.0,False
2021-02-27,798.85,798.85,27350.0,27350.0,0.0,0.0,0.0,False
2021-02-28,799.61,799.61,28110.0,28110.0,0.0,0.0,0.0,False
2021-03-01,800.24,800.24,28740.0,28740.0,0.0,0.0,0.0,False
2021-03-02,800.42,800.42,28920.0,28920.0,0.0,0.0,0.0,False
2021-03-03,800.21,800.21,28710.0,28710.0,0.0,0.0,0.0,False
2021-03-04,799.7,799.7,28200.0,28200.0,0.0,0.0,0.0,False
2021-03-05,799.32,799.32,27820.0,27820.0,0.0,0.0,0.0,False
2021-03-06,799.25,799.25,27750.0,27750.0,0.0,0.0,0.0,False
2021-03-07,799.42,799.42,27920.0,27920.0,0.0,0.0,0.0,False
2021-03-08,800.01,800.01,28510.0,28510.0,0.0,0.0,0.0,False
2021-03-09,800.98,800.98,29480.0,29480.0,0.0,0.0,0.0,False
2021-03-10,801.84,801.84,30340.0,30340.0,0.0,0.0,0.0,False
2021-03-11,802.5,802.5,31050.0,31050.0,0.0,0.0,0.0,False
2021-03-12,803.03,803.03,31630.0,31630.0,0.0,0.0,0.0,False
2021-03-13,803.5,803.5,32100.0,32100.0,0.0,0.0,0.0,False
2021-03-14,804.05,804.05,32655.0,32655.0,0.0,0.0,0.0,False
2021-03-15,804.49,804.49,33139.0,33139.0,0.0,0.0,0.0,False
2021-03-16,804.97,804.97,33667.0,33667.0,0.0,0.0,0.0,False
2021-03-17,805.13,805.13,33843.0,33843.0,0.0,0.0,0.0,False
2021-03-18,805.39,805.39,34129.0,34129.0,0.0,0.0,0.0,False
2021-03-19,805.83,805.83,34613.0,34613.0,0.0,0.0,0.0,False
2021-03-20,806.26,806.26,35086.0,35086.0,0.0,0.0,0.0,False
2021-03-21,806.87,806.87,35757.0,35757.0,0.0,0.0,0.0,False
2021-03-22,807.75,807.75,36800.0,36800.0,0.0,0.0,0.0,False
2021-03-23,808.88,808.88,38068.0,38068.0,0.0,0.0,0.0,False
2021-03-24,809.48,809.48,38776.0,38776.0,0.0,0.0,0.0,False
2021-03-25,809.8,809.8,39160.0,39160.0,0.0,0.0,0.0,False
2021-03-26,810.27,810.27,39724.0,39724.0,0.0,0.0,0.0,False
2021-03-27,811.12,811.12,40744.0,40744.0,0.0,0.0,0.0,False
2021-03-28,812.21,812.21,42073.0,42073.0,0.0,0.0,0.0,False
2021-03-29,813.13,813.13,43256.0,43256.0,0.0,0.0,0.0,False
2021-03-30,813.92,813.92,44204.0,44204.0,0.0,0.0,0.0,False
2021-03-31,814.46,814.46,44898.0,44898.0,0.0,0.0,0.0,False
2021-04-01,814.91,814.91,45483.0,45483.0,0.0,0.0,0.0,False
2021-04-02,815.18,815.18,45834.0,45834.0,0.0,0.0,0.0,False
2021-04-03,815.36,815.36,46068.0,46068.0,0.0,0.0,0.0,False
2021-04-04,815.51,815.51,46263.0,46263.0,0.0,0.0,0.0,False
2021-04-05,815.59,815.59,46367.0,46367.0,0.0,0.0,0.0,False
2021-04-06,815.57,815.57,46341.0,46341.0,0.0,0.0,0.0,False
2021-04-07,815.59,815.59,46367.0,46367.0,0.0,0.0,0.0,False
2021-04-08,815.74,815.74,46562.0,46562.0,0.0,0.0,0.0,False
2021-04-09,815.89,815.89,46757.0,46757.0,0.0,0.0,0.0,False
2021-04-10,816.05,816.05,46970.0,46970.0,0.0,0.0,0.0,False
2021-04-11,816.18,816.18,47152.0,47152.0,0.0,0.0,0.0,False
2021-04-12,816.27,816.27,47278.0,47278.0,0.0,0.0,0.0,False
2021-04-13,816.34,816.34,47376.0,47376.0,0.0,0.0,0.0,False
2021-04-14,816.39,816.39,47446.0,47446.0,0.0,0.0,0.0,False
2021-04-15,816.42,816.42,47488.0,47488.0,0.0,0.0,0.0,False
2021-04-16,816.45,816.45,47530.0,47530.0,0.0,0.0,0.0,False
2021-04-17,816.52,816.52,47628.0,47628.0,0.0,0.0,0.0,False
2021-04-18,816.62,816.62,47768.0,47768.0,0.0,0.0,0.0,False
2021-04-19,816.78,816.78,47992.0,47992.0,0.0,0.0,0.0,False
2021-04-20,816.9,816.9,48160.0,48160.0,0.0,0.0,0.0,False
2021-04-21,816.99,816.99,48286.0,48286.0,0.0,0.0,0.0,False
2021-04-22,817.04,817.04,48356.0,48356.0,0.0,0.0,0.0,False
2021-04-23,817.06,817.06,48384.0,48384.0,0.0,0.0,0.0,False
2021-04-24,817.1,817.1,48440.0,48440.0,0.0,0.0,0.0,False
2021-04-25,817.15,817.15,48510.0,48510.0,0.0,0.0,0.0,False
2021-04-26,817.16,817.16,48524.0,48524.0,0.0,0.0,0.0,False
2021-04-27,817.13,817.13,48482.0,48482.0,0.0,0.0,0.0,False
2021-04-28,817.07,817.07,48398.0,48398.0,0.0,0.0,0.0,False
2021-04-29,817.02,817.02,48328.0,48328.0,0.0,0.0,0.0,False
2021-04-30,816.94,816.94,48216.0,48216.0,0.0,0.0,0.0,False
2021-05-01,817.17,817.17,48538.0,48538.0,29.0,0.0,0.0,False
2021-05-02,817.26,817.219,48664.0,48606.479,29.0,57.521,-0.041,False
2021-05-03,817.28,817.198,48692.0,48576.959,29.0,115.041,-0.082,False
2021-05-04,817.27,817.147,48678.0,48505.438,29.0,172.562,-0.123,False
2021-05-05,817.24,817.076,48636.0,48405.917,29.0,230.083,-0.164,False
2021-05-06,817.2,816.995,48580.0,48292.397,29.0,287.603,-0.205,False
2021-05-07,817.17,816.923,48538.0,48192.876,29.0,345.124,-0.247,False
2021-05-08,817.09,816.802,48426.0,48023.355,29.0,402.645,-0.288,False
2021-05-09,816.9,816.571,48160.0,47699.835,29.0,460.165,-0.329,False
2021-05-10,816.85,816.48,48090.0,47572.314,29.0,517.686,-0.37,False
2021-05-11,816.7,816.289,47880.0,47304.793,29.0,575.207,-0.411,False
2021-05-12,816.56,816.108,47684.0,47051.273,29.0,632.727,-0.452,False
2021-05-13,816.39,815.889,47446.0,46755.752,29.0,690.248,-0.501,False
2021-05-14,816.27,815.716,47278.0,46530.231,29.0,747.769,-0.554,False
2021-05-15,816.13,815.521,47082.0,46276.711,29.0,805.289,-0.609,False
2021-05-16,815.99,815.326,46887.0,46024.19,29.0,862.81,-0.664,False
2021-05-17,815.86,815.152,46718.0,45797.669,29.0,920.331,-0.708,False
2021-05-18,815.7,814.948,46510.0,45532.149,29.0,977.851,-0.752,False
2021-05-19,815.56,814.764,46328.0,45292.628,29.0,1035.372,-0.796,False
2021-05-20,815.42,814.579,46146.0,45053.107,29.0,1092.893,-0.841,False
2021-05-21,815.28,814.395,45964.0,44813.587,29.0,1150.413,-0.885,False
2021-05-22,815.12,814.191,45756.0,44548.066,29.0,1207.934,-0.929,False
2021-05-23,814.95,813.975,45535.0,44269.545,29.0,1265.455,-0.975,False
2021-05-24,814.83,813.797,45379.0,44056.025,29.0,1322.975,-1.033,False
2021-05-25,814.81,813.727,45353.0,43972.504,29.0,1380.496,-1.083,False
2021-05-26,814.81,813.679,45353.0,43914.983,29.0,1438.017,-1.131,False
2021-05-27,814.76,813.577,45288.0,43792.463,29.0,1495.537,-1.183,False
2021-05-28,814.66,813.421,45158.0,43604.942,29.0,1553.058,-1.239,False
2021-05-29,814.54,813.243,45002.0,43391.421,29.0,1610.579,-1.297,False
2021-05-30,814.4,813.043,44820.0,43151.901,29.0,1668.099,-1.357,False
2021-05-31,814.24,812.836,44612.0,42886.38,29.0,1725.62,-1.404,False
2021-06-01,814.08,812.631,44404.0,42620.86,46.0,1783.14,-1.449,False
2021-06-02,813.9,812.389,44180.0,42305.62,46.0,1874.38,-1.511,False
2021-06-03,813.72,812.153,43964.0,41998.38,46.0,1965.62,-1.567,False
2021-06-04,813.52,811.889,43724.0,41667.14,46.0,2056.86,-1.631,False
2021-06-05,813.31,811.603,43472.0,41323.901,46.0,2148.099,-1.707,False
2021-06-06,813.1,811.317,43220.0,40980.661,46.0,2239.339,-1.783,False
2021-06-07,812.88,811.011,42944.0,40613.421,46.0,2330.579,-1.869,False
2021-06-08,812.66,810.697,42658.0,40236.182,46.0,2421.818,-1.963,False
2021-06-09,812.47,810.415,42411.0,39897.942,46.0,2513.058,-2.055,False
2021-06-10,812.26,810.111,42138.0,39533.702,46.0,2604.298,-2.149,False
2021-06-11,812.06,809.819,41878.0,39182.463,46.0,2695.537,-2.241,False
2021-06-12,811.93,809.608,41716.0,38929.223,46.0,2786.777,-2.322,False
2021-06-13,811.75,809.352,41500.0,38621.983,46.0,2878.017,-2.398,False
2021-06-14,811.72,809.246,41464.0,38494.744,46.0,2969.256,-2.474,False
2021-06-15,811.63,809.08,41356.0,38295.504,46.0,3060.496,-2.55,False
2021-06-16,811.47,808.829,41164.0,38012.264,46.0,3151.736,-2.641,False
2021-06-17,811.3,808.561,40960.0,37717.025,46.0,3242.975,-2.739,False
2021-06-18,811.09,808.249,40708.0,37373.785,46.0,3334.215,-2.841,False
2021-06-19,810.87,807.932,40444.0,37018.545,46.0,3425.455,-2.938,False
2021-06-20,810.62,807.606,40144.0,36627.306,46.0,3516.694,-3.014,False
2021-06-21,810.31,807.22,39772.0,36164.066,46.0,3607.934,-3.09,False
2021-06-22,810.01,806.83,39412.0,35712.826,46.0,3699.174,-3.18,False
2021-06-23,809.81,806.529,39172.0,35381.587,46.0,3790.413,-3.281,False
2021-06-24,809.53,806.14,38836.0,34954.347,46.0,3881.653,-3.39,False
2021-06-25,809.25,805.752,38500.0,34527.107,46.0,3972.893,-3.498,False
2021-06-26,808.97,805.366,38167.0,34102.868,46.0,4064.132,-3.604,False
2021-06-27,808.69,805.003,37859.0,33703.628,46.0,4155.372,-3.687,False
2021-06-28,808.36,804.59,37496.0,33249.388,46.0,4246.612,-3.77,False
2021-06-29,808.04,804.187,37144.0,32806.149,46.0,4337.851,-3.853,False
2021-06-30,807.72,803.735,36764.0,32334.909,46.0,4429.091,-3.985,False
2021-07-01,807.49,803.368,36488.0,31967.669,68.0,4520.331,-4.122,False
2021-07-02,807.34,803.053,36308.0,31652.793,68.0,4655.207,-4.287,False
2021-07-03,807.16,802.729,36092.0,31301.917,68.0,4790.083,-4.431,False
2021-07-04,806.97,802.402,35867.0,30942.041,68.0,4924.959,-4.568,False
2021-07-05,806.78,802.089,35658.0,30598.165,68.0,5059.835,-4.691,False
2021-07-06,806.58,801.743,35438.0,30243.289,68.0,5194.711,-4.837,False
2021-07-07,806.38,801.388,35218.0,29888.413,68.0,5329.587,-4.992,False
2021-07-08,806.19,801.045,35009.0,29544.537,68.0,5464.463,-5.145,False
2021-07-09,805.99,800.69,34789.0,29189.661,68.0,5599.339,-5.3,False
2021-07-10,805.79,800.335,34569.0,28834.785,68.0,5734.215,-5.455,False
2021-07-11,805.59,799.98,34349.0,28479.909,68.0,5869.091,-5.61,False
2021-07-12,805.38,799.614,34118.0,28114.033,68.0,6003.967,-5.766,False
2021-07-13,805.2,799.281,33920.0,27781.157,68.0,6138.843,-5.919,False
2021-07-14,805.02,798.948,33722.0,27448.281,68.0,6273.719,-6.072,False
2021-07-15,804.84,798.615,33524.0,27115.405,68.0,6408.595,-6.225,False
2021-07-16,804.65,798.272,33315.0,26771.529,68.0,6543.471,-6.378,False
2021-07-17,804.46,797.92,33106.0,26427.653,68.0,6678.347,-6.54,False
2021-07-18,804.28,797.55,32908.0,26094.777,68.0,6813.223,-6.73,False
2021-07-19,804.09,797.168,32699.0,25750.901,68.0,6948.099,-6.922,False
2021-07-20,803.91,796.808,32510.0,25427.025,68.0,7082.975,-7.102,False
2021-07-21,803.73,796.458,32330.0,25112.149,68.0,7217.851,-7.272,False
2021-07-22,803.53,796.086,32130.0,24777.273,68.0,7352.727,-7.444,False
2021-07-23,803.34,795.725,31940.0,24452.397,68.0,7487.603,-7.615,False
2021-07-24,803.14,795.353,31740.0,24117.521,68.0,7622.479,-7.787,False
2021-07-25,802.94,794.974,31534.0,23776.645,68.0,7757.355,-7.966,False
2021-07-26,802.75,794.592,31325.0,23432.769,68.0,7892.231,-8.158,False
2021-07-27,802.54,794.185,31094.0,23066.893,68.0,8027.107,-8.355,False
2021-07-28,802.34,793.791,30874.0,22712.017,68.0,8161.983,-8.549,False
2021-07-29,802.15,793.409,30665.0,22368.14,68.0,8296.86,-8.741,False
2021-07-30,801.94,793.009,30440.0,22008.264,68.0,8431.736,-8.931,False
2021-07-31,801.75,792.604,30250.0,21683.388,68.0,8566.612,-9.146,False
2021-08-01,801.55,792.186,30050.0,21348.512,60.0,8701.488,-9.364,False
2021-08-02,801.35,791.787,29850.0,21029.504,60.0,8820.496,-9.563,False
2021-08-03,801.14,791.376,29640.0,20700.496,60.0,8939.504,-9.764,False
2021-08-04,800.93,790.964,29430.0,20371.488,60.0,9058.512,-9.966,False
2021-08-05,800.7,790.528,29200.0,20022.479,60.0,9177.521,-10.172,False
2021-08-06,800.51,790.142,29010.0,19713.471,60.0,9296.529,-10.368,False
2021-08-07,800.28,789.706,28780.0,19364.463,60.0,9415.537,-10.574,False
2021-08-08,800.05,789.269,28550.0,19015.455,60.0,9534.545,-10.781,False
2021-08-09,799.83,788.846,28330.0,18676.446,60.0,9653.554,-10.984,False
2021-08-10,799.63,788.447,28130.0,18357.438,60.0,9772.562,-11.183,False
2021-08-11,799.42,788.036,27920.0,18028.43,60.0,9891.57,-11.384,False
2021-08-12,799.21,787.571,27710.0,17699.421,60.0,10010.579,-11.639,False
2021-08-13,799.01,787.115,27510.0,17380.413,60.0,10129.587,-11.895,False
2021-08-14,798.8,786.645,27300.0,17051.405,60.0,10248.595,-12.155,False
2021-08-15,798.57,786.146,27070.0,16702.397,60.0,10367.603,-12.424,False
2021-08-16,798.34,785.648,26840.0,16353.388,60.0,10486.612,-12.692,False
2021-08-17,798.11,785.149,26610.0,16004.38,60.0,10605.62,-12.961,False
2021-08-18,797.88,784.668,26392.0,15667.372,60.0,10724.628,-13.212,False
2021-08-19,797.64,784.189,26176.0,15332.364,60.0,10843.636,-13.451,False
2021-08-20,797.41,783.723,25969.0,15006.355,60.0,10962.645,-13.687,False
2021-08-21,797.18,783.258,25762.0,14680.347,60.0,11081.653,-13.922,False
2021-08-22,796.95,782.792,25555.0,14354.339,60.0,11200.661,-14.158,False
2021-08-23,796.72,782.326,25348.0,14028.331,60.0,11319.669,-14.394,False
2021-08-24,796.48,781.822,25132.0,13693.322,60.0,11438.678,-14.658,False
2021-08-25,796.23,781.249,24907.0,13349.314,60.0,11557.686,-14.981,False
2021-08-26,795.99,780.735,24691.0,13014.306,60.0,11676.694,-15.255,False
2021-08-27,795.75,780.256,24475.0,12679.298,60.0,11795.702,-15.494,False
2021-08-28,795.51,779.74,24259.0,12344.289,60.0,11914.711,-15.77,False
2021-08-29,795.25,779.152,24025.0,11991.281,60.0,12033.719,-16.098,False
2021-08-30,795.01,778.594,23809.0,11656.273,60.0,12152.727,-16.416,False
2021-08-31,794.76,778.02,23584.0,11312.264,60.0,12271.736,-16.74,False
2021-09-01,794.51,777.447,23359.0,10968.256,38.0,12390.744,-17.063,False
2021-09-02,794.26,776.946,23134.0,10667.884,38.0,12466.116,-17.314,False
2021-09-03,794.02,776.461,22918.0,10376.512,38.0,12541.488,-17.559,False
2021-09-04,793.77,775.96,22693.0,10076.14,38.0,12616.86,-17.81,False
2021-09-05,793.51,775.445,22459.0,9766.769,38.0,12692.231,-18.065,False
2021-09-06,793.26,774.933,22234.0,9466.397,38.0,12767.603,-18.327,False
2021-09-07,793.01,774.332,22009.0,9166.025,38.0,12842.975,-18.678,False
2021-09-08,792.77,773.829,21816.0,8897.653,38.0,12918.347,-18.941,False
2021-09-09,792.52,773.37,21616.0,8622.281,38.0,12993.719,-19.15,False
2021-09-10,792.27,772.894,21416.0,8346.909,38.0,13069.091,-19.376,False
2021-09-11,792.02,772.343,21216.0,8071.537,38.0,13144.463,-19.677,False
2021-09-12,791.77,771.792,21016.0,7796.165,38.0,13219.835,-19.978,False
2021-09-13,791.52,771.242,20816.0,7520.793,38.0,13295.207,-20.278,False
2021-09-14,791.26,770.729,20608.0,7237.421,38.0,13370.579,-20.531,False
2021-09-15,791.01,770.27,20408.0,6962.05,38.0,13445.95,-20.74,False
2021-09-16,790.75,769.757,20200.0,6678.678,38.0,13521.322,-20.993,False
2021-09-17,790.48,769.175,19984.0,6387.306,38.0,13596.694,-21.305,False
2021-09-18,790.46,768.99,19968.0,6295.934,38.0,13672.066,-21.47,False
2021-09-19,790.85,769.465,20280.0,6532.562,38.0,13747.438,-21.385,False
2021-09-20,790.86,769.33,20288.0,6465.19,38.0,13822.81,-21.53,False
2021-09-21,790.72,768.945,20176.0,6277.818,38.0,13898.182,-21.775,False
2021-09-22,790.53,768.376,20024.0,6050.446,38.0,13973.554,-22.154,False
2021-09-23,790.32,767.814,19856.0,5807.074,38.0,14048.926,-22.506,False
2021-09-24,790.1,767.311,19680.0,5555.702,38.0,14124.298,-22.789,False
2021-09-25,789.86,766.721,19488.0,5288.331,38.0,14199.669,-23.139,False
2021-09-26,789.63,766.072,19304.0,5028.959,38.0,14275.041,-23.558,False
2021-09-27,789.6,765.824,19280.0,4929.587,38.0,14350.413,-23.776,False
2021-09-28,790.22,766.876,19776.0,5350.215,38.0,14425.785,-23.344,False
2021-09-29,790.33,766.907,19864.0,5362.843,38.0,14501.157,-23.423,False
2021-09-30,790.26,766.579,19808.0,5231.471,38.0,14576.529,-23.681,False
2021-10-01,790.12,766.11,19696.0,5044.099,0.0,14651.901,-24.01,False
2021-10-02,789.95,765.77,19560.0,4908.099,0.0,14651.901,-24.18,False
2021-10-03,789.76,765.39,19408.0,4756.099,0.0,14651.901,-24.37,False
2021-10-04,789.56,764.99,19248.0,4596.099,0.0,14651.901,-24.57,False
2021-10-05,789.4,764.67,19120.0,4468.099,0.0,14651.901,-24.73,False
2021-10-06,789.23,764.33,18984.0,4332.099,0.0,14651.901,-24.9,False
2021-10-07,789.04,763.95,18832.0,4180.099,0.0,14651.901,-25.09,False
2021-10-08,788.84,763.55,18672.0,4020.099,0.0,14651.901,-25.29,False
2021-10-09,788.63,763.13,18504.0,3852.099,0.0,14651.901,-25.5,False
2021-10-10,788.48,762.244,18384.0,3732.099,0.0,14651.901,-26.236,False
2021-10-11,788.38,761.354,18304.0,3652.099,0.0,14651.901,-27.026,False
2021-10-12,788.32,760.819,18256.0,3604.099,0.0,14651.901,-27.501,False
2021-10-13,788.22,759.929,18176.0,3524.099,0.0,14651.901,-28.291,False
2021-10-14,788.16,759.394,18128.0,3476.099,0.0,14651.901,-28.766,False
2021-10-15,788.04,758.326,18032.0,3380.099,0.0,14651.901,-29.714,False
2021-10-16,787.89,757.112,17923.0,3271.099,0.0,14651.901,-30.778,False
2021-10-17,787.7,755.632,17790.0,3138.099,0.0,14651.901,-32.068,False
2021-10-18,787.53,754.307,17671.0,3019.099,0.0,14651.901,-33.223,False
2021-10-19,787.37,753.061,17559.0,2907.099,0.0,14651.901,-34.309,False
2021-10-20,787.19,751.658,17433.0,2781.099,0.0,14651.901,-35.532,False
2021-10-21,787.17,751.502,17419.0,2767.099,0.0,14651.901,-35.668,False
2021-10-22,788.29,760.552,18232.0,3580.099,0.0,14651.901,-27.738,False
2021-10-23,787.54,754.385,17678.0,3026.099,0.0,14651.901,-33.155,False
2021-10-24,787.24,752.048,17468.0,2816.099,0.0,14651.901,-35.192,False
2021-10-25,786.79,748.541,17153.0,2501.099,0.0,14651.901,-38.249,False
2021-10-26,785.59,739.191,16313.0,1661.099,0.0,14651.901,-46.399,False
2021-10-27,783.94,726.334,15158.0,506.099,0.0,14651.901,-57.606,False
2021-10-28,781.9,720.7,13740.0,0.0,0.0,14651.901,-61.2,True
2021-10-29,779.86,720.7,12416.0,0.0,0.0,14651.901,-59.16,True
2021-10-30,778.14,720.7,11384.0,0.0,0.0,14651.901,-57.44,True
2021-10-31,775.84,720.7,10004.0,0.0,0.0,14651.901,-55.14,True
2021-11-01,773.44,720.7,8664.0,0.0,0.0,14651.901,-52.74,True
2021-11-02,771.72,720.7,7760.0,0.0,0.0,14651.901,-51.02,True
2021-11-03,770.43,720.7,7058.0,0.0,0.0,14651.901,-49.73,True
2021-11-04,770.18,720.7,6908.0,0.0,0.0,14651.901,-49.48,True
2021-11-05,771.3,720.7,7550.0,0.0,0.0,14651.901,-50.6,True
2021-11-06,772.01,720.7,7905.0,0.0,0.0,14651.901,-51.31,True
2021-11-07,772.12,720.7,7960.0,0.0,0.0,14651.901,-51.42,True
2021-11-08,771.94,720.7,7870.0,0.0,0.0,14651.901,-51.24,True
2021-11-09,772.15,720.7,7975.0,0.0,0.0,14651.901,-51.45,True
2021-11-10,772.13,720.7,7965.0,0.0,0.0,14651.901,-51.43,True
2021-11-11,779.14,720.7,11984.0,0.0,0.0,14651.901,-58.44,True
2021-11-12,778.16,720.7,11396.0,0.0,0.0,14651.901,-57.46,True
2021-11-13,776.4,720.7,10340.0,0.0,0.0,14651.901,-55.7,True
2021-11-14,773.64,720.7,8784.0,0.0,0.0,14651.901,-52.94,True
2021-11-15,770.6,720.7,7160.0,0.0,0.0,14651.901,-49.9,True
2021-11-16,769.86,720.7,6730.0,0.0,0.0,14651.901,-49.16,True
2021-11-17,769.53,720.7,6565.0,0.0,0.0,14651.901,-48.83,True
2021-11-18,769.71,720.7,6655.0,0.0,0.0,14651.901,-49.01,True
2021-11-19,770.33,720.7,6998.0,0.0,0.0,14651.901,-49.63,True
2021-11-20,770.86,720.7,7316.0,0.0,0.0,14651.901,-50.16,True
2021-11-21,770.68,720.7,7208.0,0.0,0.0,14651.901,-49.98,True
2021-11-22,770.72,720.7,7232.0,0.0,0.0,14651.901,-50.02,True
2021-11-23,771.04,720.7,7420.0,0.0,0.0,14651.901,-50.34,True
2021-11-24,771.47,720.7,7635.0,0.0,0.0,14651.901,-50.77,True
2021-11-25,771.24,720.7,7520.0,0.0,0.0,14651.901,-50.54,True
2021-11-26,771.23,720.7,7515.0,0.0,0.0,14651.901,-50.53,True
2021-11-27,771.43,720.7,7615.0,0.0,0.0,14651.901,-50.73,True
2021-11-28,771.41,720.7,7605.0,0.0,0.0,14651.901,-50.71,True
2021-11-29,771.16,720.7,7480.0,0.0,0.0,14651.901,-50.46,True
2021-11-30,771.05,720.7,7425.0,0.0,0.0,14651.901,-50.35,True
2021-12-01,771.29,720.7,7545.0,0.0,0.0,14651.901,-50.59,True
2021-12-02,771.65,720.7,7725.0,0.0,0.0,14651.901,-50.95,True
2021-12-03,771.89,720.7,7845.0,0.0,0.0,14651.901,-51.19,True
2021-12-04,771.9,720.7,7850.0,0.0,0.0,14651.901,-51.2,True
2021-12-05,771.87,720.7,7835.0,0.0,0.0,14651.901,-51.17,True
2021-12-06,772.24,720.7,8020.0,0.0,0.0,14651.901,-51.54,True
2021-12-07,772.69,720.7,8245.0,0.0,0.0,14651.901,-51.99,True
2021-12-08,771.96,720.7,7880.0,0.0,0.0,14651.901,-51.26,True
2021-12-09,771.91,720.7,7855.0,0.0,0.0,14651.901,-51.21,True
2021-12-10,771.67,720.7,7735.0,0.0,0.0,14651.901,-50.97,True
2021-12-11,771.95,720.7,7875.0,0.0,0.0,14651.901,-51.25,True
2021-12-12,776.51,720.7,10406.0,0.0,0.0,14651.901,-55.81,True
2021-12-13,777.82,720.7,11192.0,0.0,0.0,14651.901,-57.12,True
2021-12-14,777.77,720.7,11162.0,0.0,0.0,14651.901,-57.07,True
2021-12-15,775.76,720.7,9956.0,0.0,0.0,14651.901,-55.06,True
2021-12-16,772.95,720.7,8375.0,0.0,0.0,14651.901,-52.25,True
2021-12-17,770.51,720.7,7106.0,0.0,0.0,14651.901,-49.81,True
2021-12-18,770.14,720.7,6884.0,0.0,0.0,14651.901,-49.44,True
2021-12-19,772.84,720.7,8320.0,0.0,0.0,14651.901,-52.14,True
2021-12-20,776.68,720.7,10508.0,0.0,0.0,14651.901,-55.98,True
2021-12-21,776.37,720.7,10322.0,0.0,0.0,14651.901,-55.67,True
2021-12-22,774.63,720.7,9315.0,0.0,0.0,14651.901,-53.93,True
2021-12-23,774.73,720.7,9365.0,0.0,0.0,14651.901,-54.03,True
2021-12-24,775.23,720.7,9638.0,0.0,0.0,14651.901,-54.53,True
2021-12-25,774.45,720.7,9225.0,0.0,0.0,14651.901,-53.75,True
2021-12-26,772.42,720.7,8110.0,0.0,0.0,14651.901,-51.72,True
2021-12-27,770.57,720.7,7142.0,0.0,0.0,14651.901,-49.87,True
2021-12-28,770.12,720.7,6872.0,0.0,0.0,14651.901,-49.42,True
2021-12-29,770.28,720.7,6968.0,0.0,0.0,14651.901,-49.58,True
2021-12-30,770.43,720.7,7058.0,0.0,0.0,14651.901,-49.73,True
2021-12-31,770.92,720.7,7352.0,0.0,0.0,14651.901,-50.22,True
